No,領域,タイプ名,猫ネーム,キャッチ,家猫化ポイント,X,Y,チュール,キャットタワー,改善策,副作用,出典,URL,おすすめ曲,YouTubeリンク
1,経済・労働,パラサイト・シングル(親密圏依存),実家ぬくぬく猫,親元で快適、自立を先送り,飼い主=親/家庭。生活費と自己決定という自立の負荷を手放す,8,7,「自分の城を持つ快感」を見せる(家事・家計の一部移譲で小さな自立成功体験),安心できる実家的環境を残しつつ半歩外に出られる中間的住まい(シェアハウス等),生活費の一部実負担や家事分担から始め、自立を「喪失」でなく「自由の獲得」と再定義する。シェアハウスや二世帯の段階的分離で、安全基地を残しながら自己決定の範囲を少しずつ広げる。家計管理・契約・行政手続きなど生活運営の当事者経験を積ませ、親も先回り支援を意図的に減らすことで、依存を自立へ緩やかに移行させる。,急な自立要求は反発・断絶や経済的困窮を招く恐れ(対策:段階設計と相談窓口・公的就労支援の併用),山田昌弘『パラサイト・シングルの時代』(1999)/J.Bowlby 愛着理論,https://ja.wikipedia.org/wiki/パラサイトシングル,Mother - John Lennon,https://www.youtube.com/watch?v=bSRJJNXxvPo
2,経済・労働,ニート(NEET),次の一歩まち猫,就労・就学・訓練のいずれもしない,飼い主=家族/社会。働いて稼ぐ回路を手放す,6,8,「いきなり正社員でなくていい」短時間・体験就労という低い入口,評価や競争の圧が低く、失敗が許される小さな現場,中間的就労や短時間アルバイト、地域の役割など「低い入口」から社会接点を再構築する。就労=フルタイム正規という思い込みを外し、自己効力感を小さな成功で積み上げる。サポステ等の伴走支援、職業訓練、デジタルスキル習得を組み合わせ、本人のペースで段階的に労働市場へ橋渡しする。,焦らせると自己否定を強め長期化する恐れ(対策:本人ペース尊重と伴走型支援、家族支援の併用),英Social Exclusion Unit『Bridging the Gap』(1999)/玄田有史・曲沼美恵『ニート』(2004),https://ja.wikipedia.org/wiki/ニート,Waiting for the Day - George Michael,https://www.youtube.com/watch?v=JT1GGUbAvW0
3,経済・労働/心理,ひきこもり,おうち安心猫,半年以上、自宅中心の生活,飼い主=家庭。社会関係と外界での自律を手放す,7,9,顔出し不要のオンライン接点という「安全な細い糸」,匿名性が高く、いつでも退出できる低刺激の安全空間,まずオンラインのゲームやチャット等、顔を出さずに済む弱い接点から始め、安心できる範囲を少しずつ外界へ広げる。本人を「問題」でなく回復の主体と捉え、訪問支援・居場所・ピアサポートを組み合わせる。家族の孤立も防ぎ、就労より先に「人とつながり直す」段階を丁寧に設計する。,性急な外出促しは恐怖反応・再閉じこもりを招く(対策:任意性の徹底と専門機関連携、家族支援),内閣府『こども・若者の意識と生活に関する調査』(2023公表)推計 約146万人(15〜64歳)※要再確認,https://www.cfa.go.jp/resources/research/chilren-attitudes,The Sound of Silence - Simon & Garfunkel,https://www.youtube.com/watch?v=4zLfCnGVeL4
4,福祉・ケア,中高年ひきこもり(8050問題),おうち長期滞在猫,高齢の親が中年の子を扶養,飼い主=高齢親。経済的自立と将来設計を手放す,6,9,「親なき後」の不安を具体的支援につなぐ安心情報,親子とも責められない、伴走者がいる相談環境,親の高齢化・死後を見据え、生活保護・障害福祉・自立支援など公的制度に早期接続する。本人と高齢親の双方を支える「世帯まるごと支援」で孤立と困窮の連鎖を断つ。就労が難しくても、日中の居場所や軽作業など社会との細い接点を確保し、生活の自律度を少しでも保つ。,親が支援を拒むと介入困難・問題の潜在化(対策:地域包括・社協のアウトリーチと信頼構築),内閣府『生活状況に関する調査』(2019)推計 約61万人(40〜64歳)※要再確認,https://warp.ndl.go.jp/web/20230703141614/www8.cao.go.jp/youth/kenkyu/life/h30/pdf-index.html,Time After Time - Cyndi Lauper,https://www.youtube.com/watch?v=VdQY7BusJNU
5,経済・労働,FIRE早期リタイア層,自由時間満喫猫,資産運用益で早期に労働から退出,飼い主=市場。労働を通じた社会参加を手放す,9,6,「お金より暇の使い道」=社会的役割の提示,経済的自由を保ちつつ自発的に貢献できる緩い場,労働から退いても社会的役割や貢献の回路を意図的に持つ。市場収益への一極依存はリスクなので、スキル・人的ネットワーク・健康という非金融資本も維持する。プロボノ、地域活動、創作など「稼ぐためでない活動」に主体的に関わり、自由を受動的消費でなく能動的創造に向ける。,役割喪失で生きがい低下・市場暴落時の生活不安(対策:活動の多元化と資産配分の保守化),Vicki Robin & Joe Dominguez『Your Money or Your Life』(1992),https://en.wikipedia.org/wiki/FIRE_movement,Free - Pharrell Williams,https://www.youtube.com/watch?v=vRiQCbzaEUQ
6,思想・未来,ベーシックインカム待望者,安心ベース待ち猫,無条件給付による不労生活を望む,飼い主=国家。労働による自立の前提を手放す,2,7,「給付は自由の原資」という能動的な再定義,最低限の安心が保障され、挑戦の失敗が許される環境,給付を「働かない口実」でなく「挑戦・学び・自治の原資」と捉え直す。所得保障があるからこそ可能になる起業・創作・地域活動・ケアなど、市場外の価値創造に主体的に向かう設計を持つ。制度の是非を論じるだけでなく、自分が担い手として何をするかという問いを併せ持つ。,制度実現を前提にした生活設計は不確実(対策:給付に依らない自立基盤も並行確保),Philippe Van Parijs『Real Freedom for All』(1995),https://en.wikipedia.org/wiki/Basic_income,Imagine - John Lennon,https://www.youtube.com/watch?v=YkgkThdzX-8
7,経済・労働,ぶら下がり社員(社内失業),ひなたで充電猫,成果を出さず雇用に安住,飼い主=企業。市場で通用する力の維持を手放す,8,8,「市場で通用する自分」を取り戻す学び直しの機会,役割と裁量が明確で、貢献が見える化される職場,リスキリングや社内公募、副業解禁などで市場価値を再構築し、雇用に守られる安心を能動的貢献へ転換する。意欲低下は配置・評価のミスマッチが原因のことも多く、役割の再設計と上司との対話が鍵。学びの場と小さな成功体験を用意し、「居るだけ」から「動く」へ橋渡しする。,追い出し圧力と受け取られると士気低下・法的トラブル(対策:支援的な再配置と納得感ある対話),リクルートワークス研究所『社内失業』の推計・分析,https://www.works-i.com/,Lazy Song - Bruno Mars,https://www.youtube.com/watch?v=fLexgOxsZu0
8,デジタル,ギグワーカー(プラットフォーム依存),アプリ活用猫,アプリ指示で配車・配達して稼ぐ,飼い主=プラットフォーム。労働条件の自己決定を手放す,9,5,「複数の餌場」=収入源とつながりの分散,評価が透明で、交渉余地と仲間がいる労働環境,単一プラットフォームへの依存を避け、複数の収入源や技能を持つ。労働者協同組合やギグワーカーの団体に加わり、報酬・評価の不透明さに交渉力を持つ。アルゴリズム管理の仕組みを理解し、データや評価を自分の資産として蓄積・移転できる形を意識して働く。,分散は収入の不安定化も招く(対策:社会保険・最低保障の整備と複業ポートフォリオ設計),ILO『World Employment and Social Outlook』(2021)プラットフォーム労働,https://en.wikipedia.org/wiki/Gig_worker,Highway to Hell - AC/DC,https://www.youtube.com/watch?v=l482T0yNkeo
9,デジタル,レコメンド任せ(フィルターバブル),おすすめ発見猫,視聴・購買をAIのおすすめに委ねる,飼い主=推薦システム。自分で選ぶ力を手放す,10,7,「自分で見つけた」発見の喜びを取り戻す体験,多様な情報に偶然出会える、回遊できる情報環境,情報源を意図的に多様化し、推薦に流されず自分で探索する習慣を持つ。アルゴリズムの仕組みと嗜好が強化される構造を理解し、あえて普段見ない分野・反対意見に触れる。一次情報や信頼できる複数メディアを定点確認し、「選ばされる」から「自ら選ぶ」へ主導権を取り戻す。,多様化は情報過多・疲労も生む(対策:信頼できる定点情報源を絞り確認時間を区切る),Eli Pariser『The Filter Bubble』(2011),https://en.wikipedia.org/wiki/Filter_bubble,Recommend - Official髭男dism,https://www.youtube.com/watch?v=GRUxOYhxwMM
10,デジタル,SNS承認依存,いいね励み猫,いいね・フォロワーで自己価値を測る,飼い主=注意経済。自己評価の主導権を手放す,10,7,「数字に左右されない自己評価軸」をくれる承認体験,反応より関係の質が重視される、安心できる小さな場,いいね・フォロワー数から距離を置き、内発的な達成基準や対面の関係に価値の重心を移す。利用時間や通知を制御し、比較で自尊心が削られる構造を自覚する。発信を「承認獲得」でなく「表現・貢献」と捉え直し、数字に依らない自己肯定の源泉(役割・趣味・関係)を複数持つ。,急な断SNSは孤立感・離脱困難(対策:段階的な利用設計と代替コミュニティの確保),Tristan Harris/Center for Humane Technology の問題提起,https://www.humanetech.com/,1-2-3 - Gloria Estefan,https://www.youtube.com/watch?v=T4IWlFutwXo&list=RDT4IWlFutwXo&start_radio=1
11,デジタル,サブスク全部入り(非所有),借りぐらし上手猫,所有せず月額で借り続ける,飼い主=サービス事業者。所有による自律を手放す,9,6,「止まっても困らない」基盤の自前確保という安心,必要なものは身軽に借り、要所は自分で握れる環境,利便を享受しつつ、生活の根幹(データ・スキル・最低限の物)は所有・オフライン代替を確保する。サービス停止や値上げ、提供終了のリスクを想定し、重要データはローカル保存・移行可能な形にする。「持たない自由」と「持つことで得る自律」を使い分け、依存と身軽さのバランスを取る。,自前確保はコスト・手間増(対策:重要度で線引きし、基盤のみ二重化する),Jeremy Rifkin『The Age of Access』(2000),https://en.wikipedia.org/wiki/The_Age_of_Access,借りてきた猫 - 筋肉少女帯,https://www.youtube.com/watch?v=3q0Gfxq5xJA
12,デジタル/思想,認知アウトソース(AI思考代行),まず聞いてみる猫,考える前にAIに聞く,飼い主=AI。考える力という人間の核を手放す,10,8,「考える楽しさ」と「自分の判断への信頼」を取り戻す,AIを下書き役に使い、最終判断は自分が握れる環境,AIは下書き・壁打ち役に留め、最終的な判断・検証・責任は自分で担う。生成物を鵜呑みにせず一次情報で確認する習慣を持ち、考える過程そのものを手放さない。重要な意思決定や創造的作業では、まず自分で考えてからAIに当てる順序を守り、思考の筋力を意図的に鍛え続ける。,過度な不信は生産性を損なう(対策:用途を仕分け、検証コストに見合う使い方をする),Nicholas Carr『The Shallows』(2010)/B.Stiegler 技術論,https://en.wikipedia.org/wiki/The_Shallows_(book),Everybody wants to rule the world - Tears For Fears,https://www.youtube.com/watch?v=aGCdLKXNF3w&list=RDaGCdLKXNF3w&start_radio=1
13,デジタル,メタバース/ゲーム没入,仮想世界おでかけ猫,仮想世界に生活の重心を移す,飼い主=仮想空間運営。現実での自立を手放す,10,8,現実でも得られる達成感・つながりの再発見,仮想と現実を行き来でき、両方に居場所がある環境,仮想世界への没入を否定せず、現実の役割・関係と両立する設計を持つ。ゲームで得る達成感や社交を現実の活動にも還流し、生活時間の配分を意識的に管理する。仮想を「逃避先」でなく「もう一つの居場所」と位置づけ、現実の課題に向き合う力を仮想で養った自己効力感で支える。,制限が反発・離脱を生む(対策:時間でなく目的で区切り、現実側の魅力を高める),Edward Castronova『Synthetic Worlds』(2005),https://en.wikipedia.org/wiki/Edward_Castronova,Virtual Insanity - Jamiroquai,https://www.youtube.com/watch?v=4JkIs37a2JE
14,デジタル,EC・デリバリー完結生活,お取り寄せ上手猫,外出せず全てを配達で済ます,飼い主=物流PF。外界での生活技能を手放す,9,6,対面・地域の生活回路が持つ偶然の楽しさ,便利さを保ちつつ、徒歩圏に行きつけがある環境,配達・ECの利便を活かしつつ、対面・地域の生活回路も意図的に残す。買い物・通院・交流を全てオンライン化せず、歩いて行ける店や場との接点を保ち、災害時やサービス停止への耐性を確保する。利便と自律のバランスを取り、生活技能と地域の弱いつながりを維持する。,二重維持は時間負担(対策:週数回など頻度を決め習慣化する),経済産業省『電子商取引に関する市場調査』(各年),https://www.meti.go.jp/policy/it_policy/statistics/outlook/ie_outlook.html,Deliver Me - Sarah Brightman,https://www.youtube.com/watch?v=5G3ZJw6kKOM
15,政治・市民参加,無関心・棄権層,投票きっかけ待ち猫,投票も発言もしない,飼い主=政治家/行政。意思表示の権利を手放す,3,7,「自分の一票が暮らしに直結する」実感を持てる争点,政治が身近で、参加コストが低く可視化された環境,身近な生活課題(保育・道路・防災等)から関心の入口を作り、投票や意見表明という最小の関与を始める。政治を遠い舞台でなく暮らしの延長として可視化し、候補者比較ツールや地域の対話の場を活用する。「どうせ変わらない」を小さな参加の成功体験で更新する。,過度な動員は反発・分断(対策:中立的な情報提供と低圧の参加機会に留める),総務省『国政選挙における投票率の推移』,https://www.soumu.go.jp/senkyo/senkyo_s/news/sonota/ritu/,Jump - Van Halen,https://www.youtube.com/watch?v=SwYN7mTi6HM&list=RDSwYN7mTi6HM&start_radio=1
16,政治・市民参加,お上任せ・公助依存,相談先さがし猫,何でも行政が解決すべきと考える,飼い主=行政。自分たちで担う力を手放す,1,8,「自分たちで決められた」当事者としての達成感,自助・共助・公助が役割分担され、参加が歓迎される環境,アーンスタインの参加の梯子を上り、要求だけでなく決定過程に当事者として関わる。自助・共助・公助の役割分担を理解し、地域で担える部分は自分たちで担う。住民協議や合意形成の場に参加し、行政を「サービス提供者」から「協働の相手」へと関係を組み替える。,負担の押し付けと受け取られる恐れ(対策:強制でなく選択的参加と成功事例の共有),Sherry Arnstein『A Ladder of Citizen Participation』(1969),https://doi.org/10.1080/01944366908977225,Help! - The Beatles,https://www.youtube.com/watch?v=2Q_ZzBGPdqE
17,政治・市民参加,お客様・クレーマー型市民(自動販売機モデル),声を届けたい猫,税の対価にサービスを要求・苦情するのみ,飼い主=自治体/行政。共同統治の主体性を手放す,2,7,「提案して実現した」当事者の達成感,要求が協働に転換でき、声が形になる環境,税の対価としてサービスを要求・苦情するだけの関わりから、解決の担い手へ役割を転換する。要求を提案や協働に変える回路(住民提案制度・参加型予算・協議の場)を用意し、「お客様」から「共同統治の主体」へ。クレームの背後にある困りごとを建設的な改善につなげる仕組みを整える。,過度な参加要求は負担・対立(対策:選択的参加と苦情対応ルールの整備),新川達郎・稲継裕昭ほか 自治体経営論/公共サービス・ロジック論/カスハラ研究,https://en.wikipedia.org/wiki/New_public_management,Crazy - Alanis Morissette,https://www.youtube.com/watch?v=Lu0fTmHsDqE&list=RDLu0fTmHsDqE&start_radio=1
18,政治・市民参加,NIMBY,ご近所大事猫,総論賛成・各論反対,飼い主=社会全体。公共的負担の分担を手放す,3,6,負担と便益が見える、対等な対話の場,自分の声が設計に反映される、納得できる手続き環境,「総論賛成・各論反対」の背景にある不安や不公平感を対話で可視化し、便益と負担の再配分・補償を含めて合意形成する。決定の早い段階から住民を巻き込み情報を透明化することで、反対のための反対でなく建設的な調整に向かう。当事者として代替案づくりに参加する回路を用意する。,補償前提が乱用・コスト増を招く(対策:公平な基準と第三者の調整を入れる),Michael Dear『Understanding and Overcoming the NIMBY Syndrome』(1992),https://en.wikipedia.org/wiki/NIMBY,Under Pressure - Queen and David Bowie,https://www.youtube.com/watch?v=a01QQZyl-_I&list=RDa01QQZyl-_I&start_radio=1
19,心理/政治,政治的無力感(学習性無力感),どうせ…から一歩猫,「どうせ変わらない」と諦観,飼い主=現状/権力。変えられるという感覚を手放す,3,8,小さくても「変えられた」成功体験,努力が結果に結びつく、応答性のある環境,「どうせ変わらない」という学習性無力感は、小さな成功体験の積み重ねで更新できる。身近で結果の見えやすい課題から関与し、声を上げれば反応が返る応答的な仕組み(住民提案・即時フィードバック等)を用意する。個人の無力感を構造の問題と切り分け、効力感を再学習させる。,成功体験が伴わないと諦めが強化(対策:小さく確実に成果が出る課題から始める),Martin Seligman 学習性無力感の研究(1967〜1975),https://en.wikipedia.org/wiki/Learned_helplessness,Change the world - Eric Clapton,https://www.youtube.com/watch?v=nXB4xBnP22o&list=RDnXB4xBnP22o&start_radio=1
20,文化・心理,同調・空気読み,空気を読む猫,周囲に合わせ判断を保留,飼い主=空気/集団。自分の判断を手放す,5,7,異論が歓迎される安心感,多様な意見が尊重され、少数意見も守られる場,同調圧力に流されず判断を保つには、異論を述べても安全だと感じられる場の設計が要る。匿名意見箱や少人数の対話、ファシリテーションで多様な声を引き出す。小さく異論を言う練習を重ね、「みんな」の正体を相対化することで、集団規範への過剰適応から判断の主権を取り戻す。,異論奨励が対立・分断を生む恐れ(対策:対話のルールと相互尊重の土台を整える),S.Asch 同調実験(1951)/山本七平『空気の研究』(1977),https://en.wikipedia.org/wiki/Asch_conformity_experiments,Don't Stop Me Now - Queen,https://www.youtube.com/watch?v=HgzGwKwLmgM
21,思想/心理,権威主義的従順,きちんと従う猫,強い権威に進んで従う,飼い主=権威。自由と責任を手放す,2,8,自分で決める自由がもたらす充実感,多様性と異論が許容され、思考停止を強いない環境,自由の不安から権威に逃げ込む傾向に対し、自分で考え決める経験を安全に積める場を用意する。情報を多面的に示し、単純な善悪二分や強い指導者への依存を相対化する。批判的思考やメディアリテラシーを育み、「従う安心」より「自律する充実」を体験させ、思考停止を防ぐ。,価値観の押し付けと受け取られる恐れ(対策:中立的な情報提供と対話に徹する),E.Fromm『自由からの逃走』(1941)/Adorno『The Authoritarian Personality』(1950),https://en.wikipedia.org/wiki/Escape_from_Freedom,Killing Me Softly - Fugees,https://www.youtube.com/watch?v=vSoUEKfPFnY
22,福祉・ケア,生活保護の長期依存,支えを使う猫,制度給付で生計を維持し続ける,飼い主=公的扶助。自立への移行機会を手放す,1,8,「働くと損」を解消する就労インセンティブ,自立への移行が段階的で、失敗しても戻れる環境,給付を否定せず、就労や中間的就労への移行を段階的に支援する。就労で給付が急減する「貧困の罠」を制度設計で緩和し、働くほど報われる仕組みにする。健康・スキル・人間関係の回復を伴走支援し、自立を強制でなく選択肢として提示することで、依存から段階的に脱する道を開く。,性急な打ち切りは困窮・健康悪化(対策:伴走支援と移行期の所得保障を併用),厚生労働省『被保護者調査』(各年),https://www.mhlw.go.jp/toukei/list/74-16.html,Stand By Me - Ben E. King,https://www.youtube.com/watch?v=hwZNL7QVJjE
23,福祉・健康,過剰受診・医療化,からだ相談猫,不調を全て医療に委ねる,飼い主=医療。自分の身体を管理する力を手放す,4,7,自分で不調を捉え対処できるセルフケア力,信頼できる相談先があり、過剰診療を煽られない環境,不調をすべて医療に委ねるのでなく、生活習慣の改善やセルフケアで一次対応する力を育む。信頼できるかかりつけ医や健康相談窓口を持ち、過剰検査・過剰投薬の構造を理解する。医療を適切に使いつつ、自分の身体を観察し管理する主体性を取り戻し、医療化への過度な依存を防ぐ。,受診抑制が重症化を招く恐れ(対策:危険兆候の周知と相談しやすい窓口の確保),Ivan Illich『Medical Nemesis(脱病院化社会)』(1975),https://en.wikipedia.org/wiki/Medical_Nemesis,Doctor Doctor - Thompson Twins,https://www.youtube.com/watch?v=LGJr6c0b_w0
24,福祉・ケア,施設・社会的入院依存(高齢),見守られ安心猫,必要以上に施設・病院に依存,飼い主=ケア制度。地域での自立生活を手放す,3,8,「住み慣れた地域で暮らせる」在宅・地域ケア,自立度に応じた支援が選べ、役割を持てる環境,必要以上の施設・入院依存を避け、在宅・地域包括ケアで自立度を保つ。本人の残存能力を活かす役割や日課を用意し、過剰なケアによる廃用を防ぐ。介護予防・リハビリ・地域の通いの場を組み合わせ、「お世話される存在」から「地域で暮らす主体」へと支援の方向を転換する。,在宅移行は家族・地域に負担集中(対策:介護サービスと地域資源で支援を分散),OECD Health Statistics/厚労省 介護給付費等実態統計,https://en.wikipedia.org/wiki/Elderly_care,Beautiful day- U2,https://www.youtube.com/watch?v=vCqlrhnl68g&list=RDvCqlrhnl68g&start_radio=1
25,関係・家族,過保護の子(ヘリコプターペアレント下),箱入り安心猫,親が先回りし失敗をさせない,飼い主=過保護な親。試行錯誤の自由を手放す,7,8,自分で挑戦し失敗できる安全な機会,失敗が許容され、見守られながら自己決定できる環境,親の先回りを意図的に減らし、子に試行錯誤と失敗の機会を与える。小さな自己決定(持ち物・予定・進路の選択)を任せ、結果の責任を引き受ける経験を積ませる。過保護は安全の代わりに自立と回復力を奪うことを共有し、見守りつつ手を出さない関わりへと親の側も変える。,急な放任は不安・失敗の過大リスク(対策:年齢に応じ段階的に裁量を広げる),Lukianoff & Haidt『The Coddling of the American Mind』(2018),https://en.wikipedia.org/wiki/The_Coddling_of_the_American_Mind,Overprotected - Britney Spears,https://www.youtube.com/watch?v=InAoMa-DaPY
26,文化・心理,コンフォートゾーン固着,ぬくぬく安心猫,慣れた環境から出ない,飼い主=快適な環境。挑戦と成長を手放す,6,6,少しの挑戦がもたらす成長の手応え,安全基地を保ちつつ、適度な負荷に挑める環境,快適圏に留まる傾向に対し、安全基地を残しながら適度な負荷の挑戦を少しずつ加える。大きな飛躍でなく達成可能な小さな目標で成功体験を積み、挑戦への耐性を育てる。変化を「喪失の危険」でなく「成長の機会」と捉え直し、快適圏を縮小でなく拡張する方向に動機づける。,過度な負荷は萎縮・燃え尽き(対策:難易度を段階調整し小さく試す),Yerkes-Dodson法則(1908)/J.Bardwick『Danger in the Comfort Zone』(1991),https://en.wikipedia.org/wiki/Yerkes%E2%80%93Dodson_law,Comfortable - John Mayer,https://www.youtube.com/watch?v=mJAfbWzBNb4
27,文化・心理,安定至上(大企業・公務員志向),安定だいじ猫,失敗回避で安定を最優先,飼い主=安定した組織。自律的キャリアを手放す,5,6,「どこでも通用する力」がもたらす別種の安心,安定の中でも挑戦と学びが推奨される環境,安定そのものは悪でないが、組織への過度の依存はリスクにもなる。組織内外で通用する専門性・人脈・健康という「持ち運べる安心」を主体的に蓄える。安定を土台に小さな挑戦や副業・学び直しを重ね、環境変化に適応できる力を保つことで、庇護依存から自律的キャリアへ移る。,過度な不安煽りは離職・動揺(対策:安定を否定せず選択肢を増やす提案に留める),リスク回避選好・キャリア研究,https://en.wikipedia.org/wiki/Risk_aversion,Pride - U2,https://www.youtube.com/watch?v=Jn6wRE43dAY&list=RDJn6wRE43dAY&start_radio=1
28,文化・心理,決断疲れ・おすすめ任せ,おまかせ上手猫,選ぶのが面倒で人/AIに任せる,飼い主=推薦者。選ぶ力を手放す,7,6,「自分で選んでよかった」という納得感,重要な選択に集中でき、些事は委任できる環境,意思決定を全て他者やAIに委ねるのでなく、重要な選択は自分で行い、些事のみ委任する切り分けを持つ。決断疲れ(自我消耗)を防ぐため選択肢を絞り込み、判断のルールやルーティンでエネルギーを温存する。自分の価値観に照らして選ぶ訓練を重ね、選ぶ力を保つ。,委任の線引き失敗で主体性低下(対策:重要事項リストを決め委任範囲を明確化),R.Baumeister 自我消耗の研究(1998),https://en.wikipedia.org/wiki/Ego_depletion,Let Me Entertain You - Robbie Williams,https://www.youtube.com/watch?v=y3XSMEQg9IQ
29,文化・心理,自己責任論の内面化・諦観,がんばり背負い猫,構造問題も自分のせいと諦める,飼い主=現状。社会を変える発想を手放す,4,7,個人と構造を切り分ける視点,声を上げても責められない、連帯できる環境,構造的な問題まで「自分のせい」と抱え込む傾向に対し、個人の努力と社会の仕組みを切り分ける視点を持つ。同じ困りごとを抱える人とつながり、声を上げる回路(相談・当事者運動・政策提言)を知る。諦観を「適応」でなく「沈黙させられた状態」と捉え直し、変えられる部分に働きかける。,構造論が個人の努力軽視に振れる恐れ(対策:自助と社会的支援の両輪で捉える),M.Lerner 公正世界仮説(1980),https://en.wikipedia.org/wiki/Just-world_hypothesis,Carry That Weight - The Beatles,https://www.youtube.com/watch?v=3V5HLRdGOYQ
30,文化・心理,推し活没入(現実退避),推しと生きる猫,推しに時間と感情を集中,飼い主=推し/コンテンツ。現実の主導権を手放す,8,6,熱量を現実の創作・活動に還流する場,推し活と現実が両立し、仲間とつながれる環境,推し活の熱量自体は肯定しつつ、現実逃避に偏らないようバランスを取る。推しから得るエネルギーや学びを、自分の創作・仕事・地域活動にも還流させる。ファンコミュニティでの企画運営や発信を通じて、受け身の消費から主体的な活動へつなげ、現実の課題に向き合う力を養う。,否定は反発・依存強化(対策:推し活を否定せず現実側の魅力を増やす),Horton & Wohl パラソーシャル関係(1956),https://en.wikipedia.org/wiki/Parasocial_interaction,Obsessed - Mariah Carey,https://www.youtube.com/watch?v=mfSamCkiNFY
31,文化・心理,ミニマリスト(他者インフラ依存),手ぶら身軽猫,持たない暮らしを徹底,飼い主=社会インフラ。自前の備えを手放す,7,5,「最小限でも自律できる」備えの安心,身軽さを保ちつつ、要所は自前で握れる環境,持たない暮らしを徹底しつつ、社会インフラ停止時にも自律できる最低限の備え(食料・現金・スキル)は確保する。「持たない自由」が「他者依存」に転じていないか点検し、所有を減らす目的を消費批判や身軽さといった自分の価値観に照らして明確にする。身軽さと自立の両立を図る。,過度な備えはミニマリズムと矛盾(対策:重要度で線引きし最小限に絞る),佐々木典士『ぼくたちに、もうモノは必要ない。』(2015),https://ja.wikipedia.org/wiki/ミニマリスト,Minimum - The Cardigans,https://www.youtube.com/watch?v=c1-FbdEfkDw
32,身体・健康,座りっぱなし・室内完結(身体不活動),おうちゆったり猫,一日中座って動かない・室内で完結,飼い主=座位中心の生活。身体の自律を手放す,6,6,日常に溶け込む「ついで運動」の手軽さ,自然に体を動かせる、歩きたくなる環境,長時間の座位・室内完結を避け、こまめな中断と日常的な身体活動で機能を維持する。階段利用・徒歩移動・立ち作業など「ついで運動」を生活に組み込み、運動を特別な努力でなく習慣にする。歩きやすい環境づくりや仲間との活動で継続性を高め、身体の自律と健康を守る。,急な負荷は怪我リスク(対策:強度を段階的に上げ無理なく継続),WHO『身体活動・座位行動ガイドライン』(2020)/WHO 身体不活動の警告(2022),https://www.who.int/publications/i/item/9789240015128,Sitting on the Dock of the Bay - Otis Redding,https://www.youtube.com/watch?v=rTVjnBo96Ug
33,身体・健康,超加工食品依存,さっとごはん猫,調理せず加工食品で済ます,飼い主=食品産業。食の自律を手放す,8,6,手軽でおいしい「ちょい自炊」の成功体験,自炊しやすく、素材食が手に入りやすい環境,超加工食品の利便を活かしつつ、自炊・素材食を一定割合確保する。完璧な自炊でなく簡単な調理や下処理済み食材の活用から始め、食を産業に丸投げしない技能を保つ。栄養と食費の自己管理という主体性を取り戻し、健康リスク(肥満・生活習慣病)を抑えつつ無理なく食生活を整える。,自炊負担で挫折しやすい(対策:作り置き・簡便調理で続けられる形にする),Monteiro NOVA分類/超加工食品の健康影響研究(BMJ等),https://en.wikipedia.org/wiki/Ultra-processed_food,Fast Food Song - Fast Food Rockers,https://www.youtube.com/watch?v=vrkTKSBxSSw
34,身体・健康,快適環境最適化マニア,快適チューニング猫,空調・睡眠・栄養を機器で最適化,飼い主=最適化機器。身体の適応力を手放す,9,6,機器に頼らず整える「素の調整力」,テクノロジーを使いつつ、自然な適応力も鍛える環境,空調・睡眠・栄養を機器で最適化する一方、機器なしでも自分を整える適応力を残す。データ計測を自己理解に活かしつつ数値に縛られすぎず、暑さ寒さや空腹など自然な身体感覚も保つ。テクノロジーを「補助」と位置づけ、過剰な最適化依存が身体の調整能力を退化させないよう注意する。,計測過多が不安・強迫を生む(対策:測る項目を絞り目的を明確にする),Quantified Self 運動/生体最適化研究,https://en.wikipedia.org/wiki/Quantified_self,Robot Rock - Daft Punk,https://www.youtube.com/watch?v=gAjR4_CbPpQ
35,関係・家族,孤立だが快適(つながり放棄),ひとり気まま猫,人付き合いを避け一人で完結,飼い主=快適な孤立。関係資本を手放す,6,7,負担の少ない「弱いつながり」の心地よさ,干渉されず、必要な時だけつながれる環境,快適な孤立と孤独は別物。干渉の少ない「弱いつながり」(趣味の集まり・オンラインの緩い関係・行きつけの場)を意図的に維持し、いざという時に頼れる関係資本を確保する。孤立を選ぶ自由を尊重しつつ、健康・防災・困窮のリスクを踏まえ、最低限の社会接点だけは残すよう促す。,つながり強制は逆効果・負担(対策:強制せず低負荷の接点を選択肢として用意),英 孤独担当大臣設置(2018)/日本 孤独・孤立対策担当(2021),https://en.wikipedia.org/wiki/Minister_for_Loneliness,I Am a Rock - Simon & Garfunkel,https://www.youtube.com/watch?v=JoSWVhEmHc4
36,関係・家族,完全専業依存(配偶者扶養),家庭を守る猫,配偶者に経済を全面依存,飼い主=配偶者。経済的自立の選択肢を手放す,8,7,「いつでも独り立ちできる」選択肢の安心,役割分担が対等で、いつでも再就労できる環境,配偶者への全面的な経済依存はリスクにもなる。家事・育児・介護の価値を正当に評価しつつ、いざという時に独立して生きられる選択肢(就労可能なスキル・資格・社会接点)を保持する。家計や資産の状況を把握し、夫婦の役割分担を対等な合意の上に置き、経済的自律の余地を残す。,自立要求が関係不和を招く恐れ(対策:強制でなく選択肢確保として位置づける),内閣府『無償労働(家事等)の貨幣評価』推計,https://en.wikipedia.org/wiki/Unpaid_work,The House That Built Me - Miranda Lambert,https://www.youtube.com/watch?v=RDC7bMIblTk
37,思想・未来,監視に喜んで従う,便利さ歓迎猫,利便と引換えにデータを差し出す,飼い主=プラットフォーム資本。自己情報の主権を手放す,10,8,「自分のデータは自分のもの」という主権感覚,利便とプライバシーが両立し、選択できる環境,利便と引き換えにデータを無自覚に差し出すのでなく、提供範囲を意識的に選択・制限する。プライバシー設定やデータ削除権を活用し、監視資本主義の仕組み(行動データの収益化)を理解する。便利さを享受しつつも自己情報の主権を手放さない使い方を選び、必要に応じサービスを使い分ける。,過度な遮断は利便・機能低下(対策:重要データのみ保護し用途で線引き),Shoshana Zuboff『The Age of Surveillance Capitalism』(2019),https://en.wikipedia.org/wiki/The_Age_of_Surveillance_Capitalism,Every Breath You Take - The Police,https://www.youtube.com/watch?v=OMOGaugKpzs
38,思想・未来,ナッジ誘導の最適化人間,するっと選ぶ猫,設計された選択肢に沿って動く,飼い主=選択設計者。選ぶ過程の自律を手放す,8,7,設計の意図を見抜く「ひと呼吸」の習慣,選択の自由が確保され、初期設定を変えられる環境,設計された選択肢に流されるのでなく、その背後の意図を読み、必要なら逆らって選ぶ。初期設定(デフォルト)が誰の利益かを問い、重要な選択では立ち止まって自分で判断する習慣を持つ。ナッジは良い行動を促す面もあるため全否定せず、操作されうると自覚した上で主体的に選ぶ。,全てを疑うと選択コスト増(対策:重要度に応じ吟味の深さを変える),Thaler & Sunstein『Nudge』(2008),https://en.wikipedia.org/wiki/Nudge_(book),Go With the Flow - Queens of the Stone Age,https://www.youtube.com/watch?v=yzwbSInCdlA
39,思想・未来,幸福な家畜(快楽的従属),ぬるま湯ごきげん猫,娯楽と快適で満たされ批判力を失う,飼い主=娯楽産業/体制。批判的思考を手放す,7,9,快適の中でも問い続ける批判的な視点,娯楽を楽しみつつ、考える余白がある環境,娯楽と快適に満たされ批判力を失う「快楽的従属」に対し、楽しみつつも問い続ける批判的距離を保つ。情報を受け身で消費するだけでなく、出所や意図を吟味し、不快な現実からも目を背けない習慣を持つ。快適さを享受する自由と、それに飲み込まれない自律を両立させ、考える余白を確保する。,過度な懐疑は楽しみを損なう(対策:娯楽と思考の時間を区切り共存させる),A.Huxley『すばらしい新世界』(1932)/N.Postman『Amusing Ourselves to Death』(1985),https://en.wikipedia.org/wiki/Brave_New_World,"Don't Worry, Be Happy - Bobby McFerrin",https://www.youtube.com/watch?v=d-diB65scQU
40,思想・未来,自己家畜化を肯定する人,飼われ心地よし猫,飼い慣らされた快適を是とする,飼い主=文明/制度。野生的自律を手放す,6,9,「飼い慣らし」を自覚し選び直す余地,快適を享受しつつ、いつでも野生に戻れる環境,飼い慣らされた快適を是とする立場も一つの選択だが、無自覚な全面依存は脆弱性を生む。自己家畜化の進行を自覚した上で、最低限の自律(自分で考え・動き・選ぶ力)は残すよう促す。快適と引き換えに何を手放しているかを定期的に点検し、必要なときに野生=自律を取り戻せる余地を確保する。,自律強制は本人の選択の自由と矛盾(対策:選択肢の提示に留め強制しない),R.Wrangham『The Goodness Paradox』(2019)/小原秀雄 自己家畜化論,https://en.wikipedia.org/wiki/Self-domestication,Domesticated Animal - David Crosby,https://www.youtube.com/watch?v=D8rlTzKlnMs
41,思想・未来,ポスト労働・脱労働志向,働き方見直し猫,自動化前提で働かない権利を望む,飼い主=自動化システム。生産の担い手性を手放す,4,7,労働外の「社会的役割」という新たな張り合い,自動化の恩恵を享受しつつ、自治に関われる環境,自動化を前提に労働を手放す志向では、生産を機械・他者に丸投げしないバランスが要る。労働外でも社会的役割(ケア・創作・自治・教育)を主体的に担い、技術の便益を享受しつつ意思決定や運営に関わる。「働かない自由」を受動的消費でなく、自律的な活動と参加の機会として活かす。,全面委託は技能・主体性の喪失(対策:担い手としての役割を意識的に持つ),Srnicek & Williams『Inventing the Future』(2015),https://en.wikipedia.org/wiki/Post-work_society,Black or white - Michael Jackson,https://www.youtube.com/watch?v=F2AitTPI5U0&list=RDF2AitTPI5U0&start_radio=1
42,思想・未来,身体放棄(トランスヒューマニズム),からだアップデート猫,身体を技術で補完・代替したい,飼い主=技術。身体という基盤を手放す,9,8,技術を道具に留める「身体の主権」感覚,技術で補完しつつ、生身の自律も保てる環境,身体を技術で補完・代替する志向において、技術を道具に留め生身の主体性を保つ。能力拡張の便益を享受しつつ、全面依存による脆弱性(故障・依存・格差)を見据える。技術と身体の関係を主体的に選択し、「身体を手放す」のでなく「身体を拡張する」立場で自律の基盤を維持する。,技術依存は故障・格差リスク(対策:技術の限界を踏まえ代替手段を確保),Nick Bostrom『Transhumanist FAQ』(2003),https://en.wikipedia.org/wiki/Transhumanism,Viva la vida - Coldplay,https://www.youtube.com/watch?v=dvgZkm1xWPE&list=RDdvgZkm1xWPE&start_radio=1
43,思想・未来,ケアロボ前提の老後設計,ロボ見守り猫,介護を機械に任せる前提で生きる,飼い主=ケア技術。人とのケア関係を手放す,7,7,機械と人のケアを組み合わせる安心,テクノロジーと人の関係が両立する環境,介護を機械に任せる前提でも、人とのケア関係を完全に手放さない設計を持つ。ケアロボットや見守り技術で負担と人手不足を補いつつ、対話や交流など人間的なケアの回路を残す。技術を「人を置き換えるもの」でなく「人のケアを支えるもの」と位置づけ、孤立や尊厳の喪失を防ぐ。,機械任せが孤立・尊厳低下を招く(対策:人的ケアと併用し関係を維持),経済産業省 介護ロボット導入施策/関連白書,https://www.meti.go.jp/policy/mono_info_service/healthcare/,Mr. Roboto - Styx,https://www.youtube.com/watch?v=uc6f_2nPSX8
44,文化・心理,終活・縮小均衡(守りの撤退),暮らし整え猫,拡大せず守りに入り縮小,飼い主=安全志向。新たな挑戦を手放す,5,6,小さな新規挑戦がもたらす生きがい,安全を保ちつつ、緩やかに挑戦できる環境,守りに入り縮小する一方で、能動性を保つ小さな挑戦を続ける。終活や生活の整理は前向きな準備と捉えつつ、新しい学び・交流・趣味など「広げる活動」も併せ持つ。撤退一辺倒でなく、自分のペースで挑戦と整理のバランスを取り、生きがいと自律を最後まで保ち続ける。,過度な挑戦は負担・リスク(対策:無理のない範囲で小さく試す),内閣府『高齢社会白書』(各年),https://www8.cao.go.jp/kourei/whitepaper/index-w.html,Life Is a Cabaret - Liza Minnelli,https://www.youtube.com/watch?v=Qor2JqoNL1M
45,デジタル,スマホ・アテンション中毒(ドゥームスクロール),通知にそわそわ猫,通知と刺激に絶えず反応し延々スクロール,飼い主=注意商人。注意の主権を手放す,10,7,まとまった集中時間がもたらす充実感,通知に邪魔されず、注意を自分で配れる環境,通知・刺激に絶えず反応し注意を企業に収奪される状態から、注意の主権を取り戻す。通知オフ・利用時間制限・画面の白黒化などで依存構造に介入し、際限ないスクロールを断つ。集中できる時間と場所を確保し、注意を「奪われる」から「自分で配る」へ。デジタルとの距離を意図的に設計する。,急な遮断はFOMO・反動利用(対策:段階的に減らし代替の楽しみを用意),Tim Wu『The Attention Merchants』(2016)/Adam Alter『Irresistible』(2017),https://en.wikipedia.org/wiki/The_Attention_Merchants,Rossana- Toto,https://www.youtube.com/watch?v=qmOLtTGvsbM&list=RDqmOLtTGvsbM&start_radio=1
46,デジタル/関係,マッチング依存(出会いの外注),アプリで出会う猫,出会いをアプリの推薦に委ねる,飼い主=マッチングPF。出会いを築く力を手放す,9,6,アプリ外の偶然の出会いがもたらす豊かさ,オンラインと対面の出会いが両立する環境,出会いをアプリの推薦に全面外注せず、対面・趣味・地域などアプリ外の出会いの回路も主体的に持つ。マッチングの便益を活かしつつ、アルゴリズムが提示する「条件」に縛られすぎず、自分で関係を育てる力を保つ。効率化された出会いと偶然の出会いを使い分け、関係形成の主導権を手放さない。,アプリ脱却が出会い機会減(対策:オンラインも併用し接点を複線化),"Finkel et al. オンラインデートの実証研究(2012, PSPI)",https://doi.org/10.1177/1529100612436522,Take my breathe away - Berlin,https://www.youtube.com/watch?v=Bx51eegLTY8&list=RDBx51eegLTY8&start_radio=1
